DCOREN93,David,,Corsenwet,David Corsenwet,8-Jul-1993
RMURPH65,Ryan,Patrick,Murphy,Ryan Murphy,9-Nov-1965
CKINNA79,Charles,Joel Nordström,Kinnaman,Joel Kinnaman,25-Nov-1979
RGOLDS71,Renée,Elise,Goldsberry,Renee Goldsberry,2-Jan-1971
KLEHMA72,Kristin,,Lehman,Kristin Lehman,3-May-1972
ZEFFRO87,Zachary,David Alexander,Effron,Zach Effron,18-Oct-1987
UDELGA89,Úrsula,Corberó,Delgado,Úrsula Corberó,11-Aug-1989
MSHANN74,Michael,Corbett,Shannon,Michael Shannon,7-Aug-1974
MRAMAK01,Maitreyi,,Ramakrishnan,Maitreyi Ramakrishnan,28-Dec-2001
ABAPTI97,Alba,,Baptista,Alba Baptista,10-Jul-1997
LREINH96,Lili,,Reinhardt,Lili Reinhardt,13-Sep-1996
JMANLE91,Jake,,Manley,Jake Manley,23-Aug-1991
JGARCI79,Joanna,Garcia,Swisher,Joanna Garcia,10-Aug-1979
RUWOOD80,Rutledge,,Wood,Rudledge Wood,22-Apr-1980
CAPPLE71,Christina,,Applegate,Christina Applegate,25-Nov-1971
DMINNE96,Dylan,Christopher,Minnette,Dylan Minnette,29-Dec-1996
